Nombre de la imagen, Momento Hu 1, Momento Hu 2, Momento Hu 3, Momento Hu 4, Momento Hu 5, Momento Hu 6, Momento Hu 7
7a.jpg, 0.0006866943009158642, 4.4373919623952145e-08, 0.0, 0.0, 0.0, 0.0, 0.0
60b.jpg, 0.0006866943009158642, 4.4373919623952145e-08, 0.0, 0.0, 0.0, 0.0, 0.0
138b.jpg, 0.0006866943009158642, 4.4373919623952145e-08, 0.0, 0.0, 0.0, 0.0, 0.0
134a.jpg, 0.0006866943009158642, 4.4373919623952145e-08, 0.0, 0.0, 0.0, 0.0, 0.0
83a.jpg, 0.0006866943009158642, 4.4373919623952145e-08, 0.0, 0.0, 0.0, 0.0, 0.0
211b.jpg, 0.0006875651597575746, 4.557076480268651e-08, 0.0, 0.0, 0.0, 0.0, 0.0
175a.jpg, 0.0006866943009158642, 4.4373919623952145e-08, 0.0, 0.0, 0.0, 0.0, 0.0
122a.jpg, 0.0006866943009158642, 4.4373919623952145e-08, 0.0, 0.0, 0.0, 0.0, 0.0
159a.jpg, 0.0006866943009158642, 4.4373919623952145e-08, 0.0, 0.0, 0.0, 0.0, 0.0
196b.jpg, 0.0006875921136994844, 4.557166197314517e-08, 2.4840265006351355e-20, 3.82429656250122e-19, 3.302699668955587e-38, 8.016712590393929e-23, -1.7279036033068653e-38
99b.jpg, 0.0006866943009158642, 4.4373919623952145e-08, 0.0, 0.0, 0.0, 0.0, 0.0
180b.jpg, 0.0006866943009158642, 4.4373919623952145e-08, 0.0, 0.0, 0.0, 0.0, 0.0
179b.jpg, 0.0006866943009158642, 4.4373919623952145e-08, 0.0, 0.0, 0.0, 0.0, 0.0
21b.jpg, 0.0006866943009158642, 4.4373919623952145e-08, 0.0, 0.0, 0.0, 0.0, 0.0
37b.jpg, 0.0006866943009158642, 4.4373919623952145e-08, 0.0, 0.0, 0.0, 0.0, 0.0
73b - Copy.jpg, 0.0006866943009158642, 4.4373919623952145e-08, 0.0, 0.0, 0.0, 0.0, 0.0
95a.jpg, 0.0006866943009158642, 4.4373919623952145e-08, 0.0, 0.0, 0.0, 0.0, 0.0
207b.jpg, 0.0006875651597575746, 4.557076480268651e-08, 0.0, 0.0, 0.0, 0.0, 0.0
76b.jpg, 0.0006866943009158642, 4.4373919623952145e-08, 0.0, 0.0, 0.0, 0.0, 0.0
246b.jpg, 0.0006875970026464678, 4.557354232441545e-08, 2.7466183956496965e-20, 2.5919441364420235e-19, 2.1855121815168142e-38, 5.531403614946789e-23, -7.911751380285952e-40
270a.jpg, 0.0006875651597575746, 4.557076480268651e-08, 0.0, 0.0, 0.0, 0.0, 0.0
250b.jpg, 0.0006875651597575746, 4.557076480268651e-08, 0.0, 0.0, 0.0, 0.0, 0.0
56a.jpg, 0.0006866943009158642, 4.4373919623952145e-08, 0.0, 0.0, 0.0, 0.0, 0.0
180a.jpg, 0.0006866943009158642, 4.4373919623952145e-08, 0.0, 0.0, 0.0, 0.0, 0.0
163a.jpg, 0.0006866943009158642, 4.4373919623952145e-08, 0.0, 0.0, 0.0, 0.0, 0.0
7b.jpg, 0.0006866943009158642, 4.4373919623952145e-08, 0.0, 0.0, 0.0, 0.0, 0.0
246a.jpg, 0.0006875651597575746, 4.557076480268651e-08, 0.0, 0.0, 0.0, 0.0, 0.0
114b.jpg, 0.0006866943009158642, 4.4373919623952145e-08, 0.0, 0.0, 0.0, 0.0, 0.0
134b.jpg, 0.0006866943009158642, 4.4373919623952145e-08, 0.0, 0.0, 0.0, 0.0, 0.0
60a.jpg, 0.0006866943009158642, 4.4373919623952145e-08, 0.0, 0.0, 0.0, 0.0, 0.0
175b.jpg, 0.0006866943009158642, 4.4373919623952145e-08, 0.0, 0.0, 0.0, 0.0, 0.0
266a.jpg, 0.0006875837574347258, 4.5573172368078103e-08, 7.551349571745442e-21, 3.891088489131473e-20, 4.292465110613403e-40, 5.369289780384888e-24, -5.105118282917195e-40
83b.jpg, 0.0006866943009158642, 4.4373919623952145e-08, 0.0, 0.0, 0.0, 0.0, 0.0
118a.jpg, 0.0006866943009158642, 4.4373919623952145e-08, 0.0, 0.0, 0.0, 0.0, 0.0
155b.jpg, 0.0006866943009158642, 4.4373919623952145e-08, 0.0, 0.0, 0.0, 0.0, 0.0
40a.jpg, 0.0006866943009158642, 4.4373919623952145e-08, 0.0, 0.0, 0.0, 0.0, 0.0
163b.jpg, 0.0006866943009158642, 4.4373919623952145e-08, 0.0, 0.0, 0.0, 0.0, 0.0
143b.jpg, 0.0006866943009158642, 4.4373919623952145e-08, 0.0, 0.0, 0.0, 0.0, 0.0
17a.jpg, 0.0006866943009158642, 4.4373919623952145e-08, 0.0, 0.0, 0.0, 0.0, 0.0
227a.jpg, 0.0006875651597575746, 4.557076480268651e-08, 0.0, 0.0, 0.0, 0.0, 0.0
138a.jpg, 0.0006866943009158642, 4.4373919623952145e-08, 0.0, 0.0, 0.0, 0.0, 0.0
37a.jpg, 0.0006866943009158642, 4.4373919623952145e-08, 0.0, 0.0, 0.0, 0.0, 0.0
102b.jpg, 0.0006866943009158642, 4.4373919623952145e-08, 0.0, 0.0, 0.0, 0.0, 0.0
231a.jpg, 0.0006875651597575746, 4.557076480268651e-08, 0.0, 0.0, 0.0, 0.0, 0.0
211a.jpg, 0.0006875974810891107, 4.5574220193482904e-08, 2.8219359010013786e-20, 2.007138749358832e-19, 1.3149641767200713e-38, 3.874157461310281e-23, -7.43423456445871e-39
118b.jpg, 0.0006866943009158642, 4.4373919623952145e-08, 0.0, 0.0, 0.0, 0.0, 0.0
17b.jpg, 0.0006866943009158642, 4.4373919623952145e-08, 0.0, 0.0, 0.0, 0.0, 0.0
227b.jpg, 0.0006875651597575746, 4.557076480268651e-08, 0.0, 0.0, 0.0, 0.0, 0.0
159b.jpg, 0.0006866943009158642, 4.4373919623952145e-08, 0.0, 0.0, 0.0, 0.0, 0.0
16b.jpg, 0.0006866943009158642, 4.4373919623952145e-08, 0.0, 0.0, 0.0, 0.0, 0.0
266b.jpg, 0.0006875824822709928, 4.5572416008700755e-08, 8.215848480634474e-21, 6.88209491753372e-20, 1.5530019319422776e-39, 1.4227288531954873e-23, 5.1595404112727525e-40
250a.jpg, 0.0006875651597575746, 4.557076480268651e-08, 0.0, 0.0, 0.0, 0.0, 0.0
179a.jpg, 0.0006866943009158642, 4.4373919623952145e-08, 0.0, 0.0, 0.0, 0.0, 0.0
76a.jpg, 0.0006866943009158642, 4.4373919623952145e-08, 0.0, 0.0, 0.0, 0.0, 0.0
196a.jpg, 0.0006875651597575746, 4.557076480268651e-08, 0.0, 0.0, 0.0, 0.0, 0.0
114a.jpg, 0.0006866943009158642, 4.4373919623952145e-08, 0.0, 0.0, 0.0, 0.0, 0.0
230b.jpg, 0.0006875651597575746, 4.557076480268651e-08, 0.0, 0.0, 0.0, 0.0, 0.0
122b.jpg, 0.0006866943009158642, 4.4373919623952145e-08, 0.0, 0.0, 0.0, 0.0, 0.0
270b.jpg, 0.0006875651597575746, 4.557076480268651e-08, 0.0, 0.0, 0.0, 0.0, 0.0
99a.jpg, 0.0006866943009158642, 4.4373919623952145e-08, 0.0, 0.0, 0.0, 0.0, 0.0
21a.jpg, 0.0006866943009158642, 4.4373919623952145e-08, 0.0, 0.0, 0.0, 0.0, 0.0
207a.jpg, 0.0006875813939041644, 4.557180916658401e-08, 7.998192530529004e-21, 9.68880962870349e-20, 2.6911976739003465e-39, 2.066857981939373e-23, -1.7875862573587035e-40
267b.jpg, 0.0006876573177167887, 4.557953933288077e-08, 2.1946305482656306e-19, 1.878802413459232e-18, 1.1780032909359213e-36, 3.951296851592807e-22, 2.603521464984902e-37
143a.jpg, 0.0006866943009158642, 4.4373919623952145e-08, 0.0, 0.0, 0.0, 0.0, 0.0
56b.jpg, 0.0006866943009158642, 4.4373919623952145e-08, 0.0, 0.0, 0.0, 0.0, 0.0
102a.jpg, 0.0006866943009158642, 4.4373919623952145e-08, 0.0, 0.0, 0.0, 0.0, 0.0
95b.jpg, 0.0006866943009158642, 4.4373919623952145e-08, 0.0, 0.0, 0.0, 0.0, 0.0
155a.jpg, 0.0006866943009158642, 4.4373919623952145e-08, 0.0, 0.0, 0.0, 0.0, 0.0
40b.jpg, 0.0006866943009158642, 4.4373919623952145e-08, 0.0, 0.0, 0.0, 0.0, 0.0
142a.jpg, 0.0006866943009158642, 4.4373919623952145e-08, 0.0, 0.0, 0.0, 0.0, 0.0
231b.jpg, 0.0006875651597575746, 4.557076480268651e-08, 0.0, 0.0, 0.0, 0.0, 0.0
206a.jpg, 0.0006875651597575746, 4.557076480268651e-08, 0.0, 0.0, 0.0, 0.0, 0.0
98a.jpg, 0.0006866943009158642, 4.4373919623952145e-08, 0.0, 0.0, 0.0, 0.0, 0.0
251a.jpg, 0.0006875651597575746, 4.557076480268651e-08, 0.0, 0.0, 0.0, 0.0, 0.0
178a.jpg, 0.0006866943009158642, 4.4373919623952145e-08, 0.0, 0.0, 0.0, 0.0, 0.0
162b.jpg, 0.0006866943009158642, 4.4373919623952145e-08, 0.0, 0.0, 0.0, 0.0, 0.0
103a.jpg, 0.0006866943009158642, 4.4373919623952145e-08, 0.0, 0.0, 0.0, 0.0, 0.0
226b.jpg, 0.0006875651597575746, 4.557076480268651e-08, 0.0, 0.0, 0.0, 0.0, 0.0
174b.jpg, 0.0006866943009158642, 4.4373919623952145e-08, 0.0, 0.0, 0.0, 0.0, 0.0
271b.jpg, 0.0006875651597575746, 4.557076480268651e-08, 0.0, 0.0, 0.0, 0.0, 0.0
115a.jpg, 0.0006866943009158642, 4.4373919623952145e-08, 0.0, 0.0, 0.0, 0.0, 0.0
197a.jpg, 0.0006875651597575746, 4.557076480268651e-08, 0.0, 0.0, 0.0, 0.0, 0.0
41b.jpg, 0.0006866943009158642, 4.4373919623952145e-08, 0.0, 0.0, 0.0, 0.0, 0.0
77a.jpg, 0.0006866943009158642, 4.4373919623952145e-08, 0.0, 0.0, 0.0, 0.0, 0.0
123b.jpg, 0.0006866943009158642, 4.4373919623952145e-08, 0.0, 0.0, 0.0, 0.0, 0.0
119b.jpg, 0.0006866943009158642, 4.4373919623952145e-08, 0.0, 0.0, 0.0, 0.0, 0.0
20a.jpg, 0.0006866943009158642, 4.4373919623952145e-08, 0.0, 0.0, 0.0, 0.0, 0.0
247a.jpg, 0.0006875818875539904, 4.557199515403541e-08, 8.702017346502849e-21, 9.270880944757607e-20, 2.558702409700401e-39, 1.957085744798621e-23, -6.221156778382931e-40
57b.jpg, 0.0006866943009158642, 4.4373919623952145e-08, 0.0, 0.0, 0.0, 0.0, 0.0
154a.jpg, 0.0006866943009158642, 4.4373919623952145e-08, 0.0, 0.0, 0.0, 0.0, 0.0
94b.jpg, 0.0006866943009158642, 4.4373919623952145e-08, 0.0, 0.0, 0.0, 0.0, 0.0
36a.jpg, 0.0006866943009158642, 4.4373919623952145e-08, 0.0, 0.0, 0.0, 0.0, 0.0
158b.jpg, 0.0006866943009158642, 4.4373919623952145e-08, 0.0, 0.0, 0.0, 0.0, 0.0
181a.jpg, 0.0006866943009158642, 4.4373919623952145e-08, 0.0, 0.0, 0.0, 0.0, 0.0
158a.jpg, 0.0006866943009158642, 4.4373919623952145e-08, 0.0, 0.0, 0.0, 0.0, 0.0
115b.jpg, 0.0006866943009158642, 4.4373919623952145e-08, 0.0, 0.0, 0.0, 0.0, 0.0
82b.jpg, 0.0006866943009158642, 4.4373919623952145e-08, 0.0, 0.0, 0.0, 0.0, 0.0
123a.jpg, 0.0006866943009158642, 4.4373919623952145e-08, 0.0, 0.0, 0.0, 0.0, 0.0
226a.jpg, 0.0006875651597575746, 4.557076480268651e-08, 0.0, 0.0, 0.0, 0.0, 0.0
167.jpg, 0.0006866943009158642, 4.4373919623952145e-08, 0.0, 0.0, 0.0, 0.0, 0.0
6b.jpg, 0.0006866943009158642, 4.4373919623952145e-08, 0.0, 0.0, 0.0, 0.0, 0.0
16a.jpg, 0.0006866943009158642, 4.4373919623952145e-08, 0.0, 0.0, 0.0, 0.0, 0.0
271a.jpg, 0.0006875651597575746, 4.557076480268651e-08, 0.0, 0.0, 0.0, 0.0, 0.0
206b.jpg, 0.0006875651597575746, 4.557076480268651e-08, 0.0, 0.0, 0.0, 0.0, 0.0
41a.jpg, 0.0006866943009158642, 4.4373919623952145e-08, 0.0, 0.0, 0.0, 0.0, 0.0
98b.jpg, 0.0006866943009158642, 4.4373919623952145e-08, 0.0, 0.0, 0.0, 0.0, 0.0
154b.jpg, 0.0006866943009158642, 4.4373919623952145e-08, 0.0, 0.0, 0.0, 0.0, 0.0
94a.jpg, 0.0006866943009158642, 4.4373919623952145e-08, 0.0, 0.0, 0.0, 0.0, 0.0
57a.jpg, 0.0006866943009158642, 4.4373919623952145e-08, 0.0, 0.0, 0.0, 0.0, 0.0
267a.jpg, 0.0006876128048973454, 4.557520528429492e-08, 5.763932414791145e-20, 5.114153250342025e-19, 8.753265707246463e-38, 1.0896955788761478e-22, 6.912333842751988e-39
135b.jpg, 0.0006866943009158642, 4.4373919623952145e-08, 0.0, 0.0, 0.0, 0.0, 0.0
61a.jpg, 0.0006866943009158642, 4.4373919623952145e-08, 0.0, 0.0, 0.0, 0.0, 0.0
210a.jpg, 0.0006875803230089756, 4.5571354595507756e-08, 6.739557898571424e-21, 1.1099171089253128e-19, 3.0173679755707176e-39, 2.3668496831142022e-23, -3.3264700141837055e-40
230a.jpg, 0.0006875651597575746, 4.557076480268651e-08, 0.0, 0.0, 0.0, 0.0, 0.0
77b.jpg, 0.0006866943009158642, 4.4373919623952145e-08, 0.0, 0.0, 0.0, 0.0, 0.0
103b.jpg, 0.0006866943009158642, 4.4373919623952145e-08, 0.0, 0.0, 0.0, 0.0, 0.0
142b.jpg, 0.0006866943009158642, 4.4373919623952145e-08, 0.0, 0.0, 0.0, 0.0, 0.0
139a.jpg, 0.0006866943009158642, 4.4373919623952145e-08, 0.0, 0.0, 0.0, 0.0, 0.0
119a.jpg, 0.0006866943009158642, 4.4373919623952145e-08, 0.0, 0.0, 0.0, 0.0, 0.0
36b.jpg, 0.0006866943009158642, 4.4373919623952145e-08, 0.0, 0.0, 0.0, 0.0, 0.0
1b.jpg, 0.0006866943009158642, 4.4373919623952145e-08, 0.0, 0.0, 0.0, 0.0, 0.0
6a.jpg, 0.0006866943009158642, 4.4373919623952145e-08, 0.0, 0.0, 0.0, 0.0, 0.0
197b.jpg, 0.0006875651597575746, 4.557076480268651e-08, 0.0, 0.0, 0.0, 0.0, 0.0
132b.jpg, 0.0006866943009158642, 4.4373919623952145e-08, 0.0, 0.0, 0.0, 0.0, 0.0
135a.jpg, 0.0006866943009158642, 4.4373919623952145e-08, 0.0, 0.0, 0.0, 0.0, 0.0
178b.jpg, 0.0006866943009158642, 4.4373919623952145e-08, 0.0, 0.0, 0.0, 0.0, 0.0
251b.jpg, 0.0006875651597575746, 4.557076480268651e-08, 0.0, 0.0, 0.0, 0.0, 0.0
217a.jpg, 0.0006875651597575746, 4.557076480268651e-08, 0.0, 0.0, 0.0, 0.0, 0.0
247b.jpg, 0.0006875651597575746, 4.557076480268651e-08, 0.0, 0.0, 0.0, 0.0, 0.0
174a.jpg, 0.0006866943009158642, 4.4373919623952145e-08, 0.0, 0.0, 0.0, 0.0, 0.0
82a.jpg, 0.0006866943009158642, 4.4373919623952145e-08, 0.0, 0.0, 0.0, 0.0, 0.0
66a.jpg, 0.0006866943009158642, 4.4373919623952145e-08, 0.0, 0.0, 0.0, 0.0, 0.0
85b.jpg, 0.0006866943009158642, 4.4373919623952145e-08, 0.0, 0.0, 0.0, 0.0, 0.0
181b.jpg, 0.0006866943009158642, 4.4373919623952145e-08, 0.0, 0.0, 0.0, 0.0, 0.0
20b.jpg, 0.0006866943009158642, 4.4373919623952145e-08, 0.0, 0.0, 0.0, 0.0, 0.0
162a.jpg, 0.0006866943009158642, 4.4373919623952145e-08, 0.0, 0.0, 0.0, 0.0, 0.0
139b.jpg, 0.0006866943009158642, 4.4373919623952145e-08, 0.0, 0.0, 0.0, 0.0, 0.0
210b.jpg, 0.0006875651597575746, 4.557076480268651e-08, 0.0, 0.0, 0.0, 0.0, 0.0
61b.jpg, 0.0006866943009158642, 4.4373919623952145e-08, 0.0, 0.0, 0.0, 0.0, 0.0
256a.jpg, 0.0006875651597575746, 4.557076480268651e-08, 0.0, 0.0, 0.0, 0.0, 0.0
240a.jpg, 0.0006875651597575746, 4.557076480268651e-08, 0.0, 0.0, 0.0, 0.0, 0.0
89a.jpg, 0.0006866943009158642, 4.4373919623952145e-08, 0.0, 0.0, 0.0, 0.0, 0.0
201a.jpg, 0.0006875651597575746, 4.557076480268651e-08, 0.0, 0.0, 0.0, 0.0, 0.0
169a.jpg, 0.0006875651597575746, 4.557076480268651e-08, 0.0, 0.0, 0.0, 0.0, 0.0
165b.jpg, 0.0006866943009158642, 4.4373919623952145e-08, 0.0, 0.0, 0.0, 0.0, 0.0
27a.jpg, 0.0006866943009158642, 4.4373919623952145e-08, 0.0, 0.0, 0.0, 0.0, 0.0
276b.jpg, 0.0006875651597575746, 4.557076480268651e-08, 0.0, 0.0, 0.0, 0.0, 0.0
173b.jpg, 0.0006866943009158642, 4.4373919623952145e-08, 0.0, 0.0, 0.0, 0.0, 0.0
153a.jpg, 0.0006866943009158642, 4.4373919623952145e-08, 0.0, 0.0, 0.0, 0.0, 0.0
70a.jpg, 0.0006866943009158642, 4.4373919623952145e-08, 0.0, 0.0, 0.0, 0.0, 0.0
128a.jpg, 0.0006866943009158642, 4.4373919623952145e-08, 0.0, 0.0, 0.0, 0.0, 0.0
93b.jpg, 0.0006867123413744921, 4.437695335620754e-08, 1.1249209100991824e-20, 2.673967441528264e-20, -2.7700619534376348e-40, -3.4795431846750644e-24, -3.7194457547970635e-40
186a.jpg, 0.0006866943009158642, 4.4373919623952145e-08, 0.0, 0.0, 0.0, 0.0, 0.0
190a.jpg, 0.0006875651597575746, 4.557076480268651e-08, 0.0, 0.0, 0.0, 0.0, 0.0
31a.jpg, 0.0006866943009158642, 4.4373919623952145e-08, 0.0, 0.0, 0.0, 0.0, 0.0
124b.jpg, 0.0006866943009158642, 4.4373919623952145e-08, 0.0, 0.0, 0.0, 0.0, 0.0
173a.jpg, 0.0006866943009158642, 4.4373919623952145e-08, 0.0, 0.0, 0.0, 0.0, 0.0
46b.jpg, 0.0006866943009158642, 4.4373919623952145e-08, 0.0, 0.0, 0.0, 0.0, 0.0
221b.jpg, 0.0006875651597575746, 4.557076480268651e-08, 0.0, 0.0, 0.0, 0.0, 0.0
186b.jpg, 0.0006875651597575746, 4.557076480268651e-08, 0.0, 0.0, 0.0, 0.0, 0.0
31b.jpg, 0.0006866943009158642, 4.4373919623952145e-08, 0.0, 0.0, 0.0, 0.0, 0.0
108b.jpg, 0.0006866943009158642, 4.4373919623952145e-08, 0.0, 0.0, 0.0, 0.0, 0.0
112a.jpg, 0.0006866943009158642, 4.4373919623952145e-08, 0.0, 0.0, 0.0, 0.0, 0.0
132a.jpg, 0.0006866943009158642, 4.4373919623952145e-08, 0.0, 0.0, 0.0, 0.0, 0.0
50b.jpg, 0.0006866943009158642, 4.4373919623952145e-08, 0.0, 0.0, 0.0, 0.0, 0.0
165a.jpg, 0.0006866943009158642, 4.4373919623952145e-08, 0.0, 0.0, 0.0, 0.0, 0.0
217b.jpg, 0.0006875651597575746, 4.557076480268651e-08, 0.0, 0.0, 0.0, 0.0, 0.0
104a.jpg, 0.0006866943009158642, 4.4373919623952145e-08, 0.0, 0.0, 0.0, 0.0, 0.0
237b.jpg, 0.0006875651597575746, 4.557076480268651e-08, 0.0, 0.0, 0.0, 0.0, 0.0
240b.jpg, 0.0006875651597575746, 4.557076480268651e-08, 0.0, 0.0, 0.0, 0.0, 0.0
260b.jpg, 0.0006875651597575746, 4.557076480268651e-08, 0.0, 0.0, 0.0, 0.0, 0.0
1a.jpg, 0.0006866943009158642, 4.4373919623952145e-08, 0.0, 0.0, 0.0, 0.0, 0.0
256b.jpg, 0.0006875651597575746, 4.557076480268651e-08, 0.0, 0.0, 0.0, 0.0, 0.0
11b.jpg, 0.0006866943009158642, 4.4373919623952145e-08, 0.0, 0.0, 0.0, 0.0, 0.0
27b.jpg, 0.0006866943009158642, 4.4373919623952145e-08, 0.0, 0.0, 0.0, 0.0, 0.0
66b.jpg, 0.0006866943009158642, 4.4373919623952145e-08, 0.0, 0.0, 0.0, 0.0, 0.0
85a.jpg, 0.0006866943009158642, 4.4373919623952145e-08, 0.0, 0.0, 0.0, 0.0, 0.0
169b.jpg, 0.0006875651597575746, 4.557076480268651e-08, 0.0, 0.0, 0.0, 0.0, 0.0
10a.jpg, 0.0006866943009158642, 4.4373919623952145e-08, 0.0, 0.0, 0.0, 0.0, 0.0
145a.jpg, 0.0006866943009158642, 4.4373919623952145e-08, 0.0, 0.0, 0.0, 0.0, 0.0
89b.jpg, 0.0006866943009158642, 4.4373919623952145e-08, 0.0, 0.0, 0.0, 0.0, 0.0
145b.jpg, 0.0006866943009158642, 4.4373919623952145e-08, 0.0, 0.0, 0.0, 0.0, 0.0
153b.jpg, 0.0006866943009158642, 4.4373919623952145e-08, 0.0, 0.0, 0.0, 0.0, 0.0
93a.jpg, 0.0006866943009158642, 4.4373919623952145e-08, 0.0, 0.0, 0.0, 0.0, 0.0
128b.jpg, 0.0006866943009158642, 4.4373919623952145e-08, 0.0, 0.0, 0.0, 0.0, 0.0
112b.jpg, 0.0006866943009158642, 4.4373919623952145e-08, 0.0, 0.0, 0.0, 0.0, 0.0
124a.jpg, 0.0006866943009158642, 4.4373919623952145e-08, 0.0, 0.0, 0.0, 0.0, 0.0
46a.jpg, 0.0006866943009158642, 4.4373919623952145e-08, 0.0, 0.0, 0.0, 0.0, 0.0
221a.jpg, 0.0006875651597575746, 4.557076480268651e-08, 0.0, 0.0, 0.0, 0.0, 0.0
11a.jpg, 0.0006866943009158642, 4.4373919623952145e-08, 0.0, 0.0, 0.0, 0.0, 0.0
148a.jpg, 0.0006866943009158642, 4.4373919623952145e-08, 0.0, 0.0, 0.0, 0.0, 0.0
190b.jpg, 0.0006875651597575746, 4.557076480268651e-08, 0.0, 0.0, 0.0, 0.0, 0.0
237a.jpg, 0.0006875651597575746, 4.557076480268651e-08, 0.0, 0.0, 0.0, 0.0, 0.0
144b.jpg, 0.0006866943009158642, 4.4373919623952145e-08, 0.0, 0.0, 0.0, 0.0, 0.0
70b.jpg, 0.0006866943009158642, 4.4373919623952145e-08, 0.0, 0.0, 0.0, 0.0, 0.0
261a.jpg, 0.0006875651597575746, 4.557076480268651e-08, 0.0, 0.0, 0.0, 0.0, 0.0
104b.jpg, 0.0006866943009158642, 4.4373919623952145e-08, 0.0, 0.0, 0.0, 0.0, 0.0
276a.jpg, 0.0006875936773499882, 4.557283050223271e-08, 3.9122316332633275e-20, 3.3135954935990825e-19, 2.8146764271513204e-38, 6.467328378859776e-23, -2.5122634930113364e-38
108a.jpg, 0.0006866943009158642, 4.4373919623952145e-08, 0.0, 0.0, 0.0, 0.0, 0.0
50a.jpg, 0.0006866943009158642, 4.4373919623952145e-08, 0.0, 0.0, 0.0, 0.0, 0.0
201b.jpg, 0.0006875651597575746, 4.557076480268651e-08, 0.0, 0.0, 0.0, 0.0, 0.0
260a.jpg, 0.0006875651597575746, 4.557076480268651e-08, 0.0, 0.0, 0.0, 0.0, 0.0
149a.jpg, 0.0006866943009158642, 4.4373919623952145e-08, 0.0, 0.0, 0.0, 0.0, 0.0
30b.jpg, 0.0006866943009158642, 4.4373919623952145e-08, 0.0, 0.0, 0.0, 0.0, 0.0
257b.jpg, 0.0006875651597575746, 4.557076480268651e-08, 0.0, 0.0, 0.0, 0.0, 0.0
51a.jpg, 0.0006866943009158642, 4.4373919623952145e-08, 0.0, 0.0, 0.0, 0.0, 0.0
220a.jpg, 0.0006875651597575746, 4.557076480268651e-08, 0.0, 0.0, 0.0, 0.0, 0.0
172a.jpg, 0.0006866943009158642, 4.4373919623952145e-08, 0.0, 0.0, 0.0, 0.0, 0.0
187b.jpg, 0.0006866943009158642, 4.4373919623952145e-08, 0.0, 0.0, 0.0, 0.0, 0.0
26b.jpg, 0.0006866943009158642, 4.4373919623952145e-08, 0.0, 0.0, 0.0, 0.0, 0.0
105b.jpg, 0.0006866943009158642, 4.4373919623952145e-08, 0.0, 0.0, 0.0, 0.0, 0.0
125a.jpg, 0.0006866943009158642, 4.4373919623952145e-08, 0.0, 0.0, 0.0, 0.0, 0.0
191b.jpg, 0.0006875651597575746, 4.557076480268651e-08, 0.0, 0.0, 0.0, 0.0, 0.0
92a.jpg, 0.0006866943009158642, 4.4373919623952145e-08, 0.0, 0.0, 0.0, 0.0, 0.0
113b.jpg, 0.0006866943009158642, 4.4373919623952145e-08, 0.0, 0.0, 0.0, 0.0, 0.0
47a.jpg, 0.0006866943009158642, 4.4373919623952145e-08, 0.0, 0.0, 0.0, 0.0, 0.0
152b.jpg, 0.0006866943009158642, 4.4373919623952145e-08, 0.0, 0.0, 0.0, 0.0, 0.0
71b.jpg, 0.0006866943009158642, 4.4373919623952145e-08, 0.0, 0.0, 0.0, 0.0, 0.0
129b.jpg, 0.0006866943009158642, 4.4373919623952145e-08, 0.0, 0.0, 0.0, 0.0, 0.0
200b.jpg, 0.0006875779563140866, 4.5571242888706025e-08, 1.9144373899025548e-20, 1.1043601541274181e-19, 1.8874878752805674e-39, 2.09009319628214e-23, 4.714102109477104e-39
236a.jpg, 0.0006875841722416772, 4.557381371885503e-08, 7.170249570491012e-21, 1.776655080505996e-20, -1.735380027811424e-40, -3.344009163503284e-24, -1.0047610281712244e-40
168b.jpg, 0.0006866943009158642, 4.4373919623952145e-08, 0.0, 0.0, 0.0, 0.0, 0.0
109a.jpg, 0.0006866943009158642, 4.4373919623952145e-08, 0.0, 0.0, 0.0, 0.0, 0.0
220b.jpg, 0.0006875651597575746, 4.557076480268651e-08, 0.0, 0.0, 0.0, 0.0, 0.0
88b.jpg, 0.0006866943009158642, 4.4373919623952145e-08, 0.0, 0.0, 0.0, 0.0, 0.0
67b.jpg, 0.0006866943009158642, 4.4373919623952145e-08, 0.0, 0.0, 0.0, 0.0, 0.0
71a.jpg, 0.0006866943009158642, 4.4373919623952145e-08, 0.0, 0.0, 0.0, 0.0, 0.0
236b.jpg, 0.0006875651597575746, 4.557076480268651e-08, 0.0, 0.0, 0.0, 0.0, 0.0
109b.jpg, 0.0006866943009158642, 4.4373919623952145e-08, 0.0, 0.0, 0.0, 0.0, 0.0
133a.jpg, 0.0006866943009158642, 4.4373919623952145e-08, 0.0, 0.0, 0.0, 0.0, 0.0
105a.jpg, 0.0006866943009158642, 4.4373919623952145e-08, 0.0, 0.0, 0.0, 0.0, 0.0
164a.jpg, 0.0006866943009158642, 4.4373919623952145e-08, 0.0, 0.0, 0.0, 0.0, 0.0
216b.jpg, 0.0006875651597575746, 4.557076480268651e-08, 0.0, 0.0, 0.0, 0.0, 0.0
144a.jpg, 0.0006866943009158642, 4.4373919623952145e-08, 0.0, 0.0, 0.0, 0.0, 0.0
84a.jpg, 0.0006866943009158642, 4.4373919623952145e-08, 0.0, 0.0, 0.0, 0.0, 0.0
261b.jpg, 0.0006875651597575746, 4.557076480268651e-08, 0.0, 0.0, 0.0, 0.0, 0.0
241b.jpg, 0.0006875651597575746, 4.557076480268651e-08, 0.0, 0.0, 0.0, 0.0, 0.0
148b.jpg, 0.0006866943009158642, 4.4373919623952145e-08, 0.0, 0.0, 0.0, 0.0, 0.0
10b.jpg, 0.0006866943009158642, 4.4373919623952145e-08, 0.0, 0.0, 0.0, 0.0, 0.0
129a.jpg, 0.0006866943009158642, 4.4373919623952145e-08, 0.0, 0.0, 0.0, 0.0, 0.0
51b.jpg, 0.0006866943009158642, 4.4373919623952145e-08, 0.0, 0.0, 0.0, 0.0, 0.0
152a.jpg, 0.0006866943009158642, 4.4373919623952145e-08, 0.0, 0.0, 0.0, 0.0, 0.0
47b.jpg, 0.0006866943009158642, 4.4373919623952145e-08, 0.0, 0.0, 0.0, 0.0, 0.0
200a.jpg, 0.0006875651597575746, 4.557076480268651e-08, 0.0, 0.0, 0.0, 0.0, 0.0
125b.jpg, 0.0006866943009158642, 4.4373919623952145e-08, 0.0, 0.0, 0.0, 0.0, 0.0
113a.jpg, 0.0006866943009158642, 4.4373919623952145e-08, 0.0, 0.0, 0.0, 0.0, 0.0
257a.jpg, 0.0006875651597575746, 4.557076480268651e-08, 0.0, 0.0, 0.0, 0.0, 0.0
30a.jpg, 0.0006866943009158642, 4.4373919623952145e-08, 0.0, 0.0, 0.0, 0.0, 0.0
67a.jpg, 0.0006866943009158642, 4.4373919623952145e-08, 0.0, 0.0, 0.0, 0.0, 0.0
216a.jpg, 0.0006875651597575746, 4.557076480268651e-08, 0.0, 0.0, 0.0, 0.0, 0.0
191a.jpg, 0.0006875651597575746, 4.557076480268651e-08, 0.0, 0.0, 0.0, 0.0, 0.0
13b.jpg, 0.0006866943009158642, 4.4373919623952145e-08, 0.0, 0.0, 0.0, 0.0, 0.0
88a.jpg, 0.0006866943009158642, 4.4373919623952145e-08, 0.0, 0.0, 0.0, 0.0, 0.0
262b.jpg, 0.0006875651597575746, 4.557076480268651e-08, 0.0, 0.0, 0.0, 0.0, 0.0
187a.jpg, 0.0006875777752044165, 4.557048614322621e-08, 4.489286872520552e-21, 1.1887776467076668e-19, 1.9704398760705774e-39, 2.5035489254516177e-23, -1.9129140823559336e-39
133b.jpg, 0.0006866943009158642, 4.4373919623952145e-08, 0.0, 0.0, 0.0, 0.0, 0.0
26a.jpg, 0.0006866943009158642, 4.4373919623952145e-08, 0.0, 0.0, 0.0, 0.0, 0.0
172b.jpg, 0.0006866943009158642, 4.4373919623952145e-08, 0.0, 0.0, 0.0, 0.0, 0.0
84b.jpg, 0.0006866943009158642, 4.4373919623952145e-08, 0.0, 0.0, 0.0, 0.0, 0.0
147a.jpg, 0.0006866943009158642, 4.4373919623952145e-08, 0.0, 0.0, 0.0, 0.0, 0.0
168a.jpg, 0.0006866943009158642, 4.4373919623952145e-08, 0.0, 0.0, 0.0, 0.0, 0.0
164b.jpg, 0.0006866943009158642, 4.4373919623952145e-08, 0.0, 0.0, 0.0, 0.0, 0.0
92b.jpg, 0.0006866943009158642, 4.4373919623952145e-08, 0.0, 0.0, 0.0, 0.0, 0.0
241a.jpg, 0.0006875651597575746, 4.557076480268651e-08, 0.0, 0.0, 0.0, 0.0, 0.0
106a.jpg, 0.0006866943009158642, 4.4373919623952145e-08, 0.0, 0.0, 0.0, 0.0, 0.0
151a.jpg, 0.0006866943009158642, 4.4373919623952145e-08, 0.0, 0.0, 0.0, 0.0, 0.0
258b.jpg, 0.0006876549164587846, 4.5578137540294345e-08, 2.450105252494021e-19, 2.3605765196634507e-18, 1.724546833267268e-36, 4.946501588495585e-22, 4.987785456676365e-37
72a.jpg, 0.0006866943009158642, 4.4373919623952145e-08, 0.0, 0.0, 0.0, 0.0, 0.0
192a.jpg, 0.0006875651597575746, 4.557076480268651e-08, 0.0, 0.0, 0.0, 0.0, 0.0
274b.jpg, 0.0006875651597575746, 4.557076480268651e-08, 0.0, 0.0, 0.0, 0.0, 0.0
254a.jpg, 0.0006875651597575746, 4.557076480268651e-08, 0.0, 0.0, 0.0, 0.0, 0.0
239a.jpg, 0.0006875651597575746, 4.557076480268651e-08, 0.0, 0.0, 0.0, 0.0, 0.0
52b.jpg, 0.0006866943009158642, 4.4373919623952145e-08, 0.0, 0.0, 0.0, 0.0, 0.0
91b.jpg, 0.0006866943009158642, 4.4373919623952145e-08, 0.0, 0.0, 0.0, 0.0, 0.0
110a.jpg, 0.0006866943009158642, 4.4373919623952145e-08, 0.0, 0.0, 0.0, 0.0, 0.0
25a.jpg, 0.0006866943009158642, 4.4373919623952145e-08, 0.0, 0.0, 0.0, 0.0, 0.0
48a.jpg, 0.0006866943009158642, 4.4373919623952145e-08, 0.0, 0.0, 0.0, 0.0, 0.0
203a.jpg, 0.0006875783986383739, 4.5571054028741365e-08, 1.1621643269570942e-20, 1.1370543925688372e-19, 2.2228676346258934e-39, 2.2719679236616847e-23, -3.4847830725384866e-39
235b.jpg, 0.0006875651597575746, 4.557076480268651e-08, 0.0, 0.0, 0.0, 0.0, 0.0
29b.jpg, 0.0006866943009158642, 4.4373919623952145e-08, 0.0, 0.0, 0.0, 0.0, 0.0
44b.jpg, 0.0006866943009158642, 4.4373919623952145e-08, 0.0, 0.0, 0.0, 0.0, 0.0
223b.jpg, 0.0006876154862630316, 4.557419519038409e-08, 2.223851113886332e-19, 1.3343314446857864e-18, 3.5988082344214673e-37, 2.4466063580303053e-22, 6.315105478612276e-37
126b.jpg, 0.0006866943009158642, 4.4373919623952145e-08, 0.0, 0.0, 0.0, 0.0, 0.0
171b.jpg, 0.0006866943009158642, 4.4373919623952145e-08, 0.0, 0.0, 0.0, 0.0, 0.0
184a.jpg, 0.0006866943009158642, 4.4373919623952145e-08, 0.0, 0.0, 0.0, 0.0, 0.0
110b.jpg, 0.0006866943009158642, 4.4373919623952145e-08, 0.0, 0.0, 0.0, 0.0, 0.0
48b.jpg, 0.0006866943009158642, 4.4373919623952145e-08, 0.0, 0.0, 0.0, 0.0, 0.0
68b.jpg, 0.0006866943009158642, 4.4373919623952145e-08, 0.0, 0.0, 0.0, 0.0, 0.0
239b.jpg, 0.0006875651597575746, 4.557076480268651e-08, 0.0, 0.0, 0.0, 0.0, 0.0
72b.jpg, 0.0006866943009158642, 4.4373919623952145e-08, 0.0, 0.0, 0.0, 0.0, 0.0
242a.jpg, 0.0006875651597575746, 4.557076480268651e-08, 0.0, 0.0, 0.0, 0.0, 0.0
64a.jpg, 0.0006866943009158642, 4.4373919623952145e-08, 0.0, 0.0, 0.0, 0.0, 0.0
188b.jpg, 0.0006866943009158642, 4.4373919623952145e-08, 0.0, 0.0, 0.0, 0.0, 0.0
3b.jpg, 0.0006866943009158642, 4.4373919623952145e-08, 0.0, 0.0, 0.0, 0.0, 0.0
235a.jpg, 0.0006875651597575746, 4.557076480268651e-08, 0.0, 0.0, 0.0, 0.0, 0.0
215a.jpg, 0.0006875651597575746, 4.557076480268651e-08, 0.0, 0.0, 0.0, 0.0, 0.0
33a.jpg, 0.0006866943009158642, 4.4373919623952145e-08, 0.0, 0.0, 0.0, 0.0, 0.0
274a.jpg, 0.0006875651597575746, 4.557076480268651e-08, 0.0, 0.0, 0.0, 0.0, 0.0
151b.jpg, 0.0006866943009158642, 4.4373919623952145e-08, 0.0, 0.0, 0.0, 0.0, 0.0
87b.jpg, 0.0006866943009158642, 4.4373919623952145e-08, 0.0, 0.0, 0.0, 0.0, 0.0
219b.jpg, 0.0006875651597575746, 4.557076480268651e-08, 0.0, 0.0, 0.0, 0.0, 0.0
223a.jpg, 0.0006875651597575746, 4.557076480268651e-08, 0.0, 0.0, 0.0, 0.0, 0.0
13a.jpg, 0.0006866943009158642, 4.4373919623952145e-08, 0.0, 0.0, 0.0, 0.0, 0.0
147b.jpg, 0.0006866943009158642, 4.4373919623952145e-08, 0.0, 0.0, 0.0, 0.0, 0.0
44a.jpg, 0.0006866943009158642, 4.4373919623952145e-08, 0.0, 0.0, 0.0, 0.0, 0.0
262a.jpg, 0.0006875651597575746, 4.557076480268651e-08, 0.0, 0.0, 0.0, 0.0, 0.0
130b.jpg, 0.0006866943009158642, 4.4373919623952145e-08, 0.0, 0.0, 0.0, 0.0, 0.0
106b.jpg, 0.0006866943009158642, 4.4373919623952145e-08, 0.0, 0.0, 0.0, 0.0, 0.0
219a.jpg, 0.0006875651597575746, 4.557076480268651e-08, 0.0, 0.0, 0.0, 0.0, 0.0
52a.jpg, 0.0006866943009158642, 4.4373919623952145e-08, 0.0, 0.0, 0.0, 0.0, 0.0
2a.jpg, 0.0006866943009158642, 4.4373919623952145e-08, 0.0, 0.0, 0.0, 0.0, 0.0
68a.jpg, 0.0006866943009158642, 4.4373919623952145e-08, 0.0, 0.0, 0.0, 0.0, 0.0
25b.jpg, 0.0006866943009158642, 4.4373919623952145e-08, 0.0, 0.0, 0.0, 0.0, 0.0
167a.jpg, 0.0006866943009158642, 4.4373919623952145e-08, 0.0, 0.0, 0.0, 0.0, 0.0
214b.jpg, 0.0006875651597575746, 4.557076480268651e-08, 0.0, 0.0, 0.0, 0.0, 0.0
64b.jpg, 0.0006866943009158642, 4.4373919623952145e-08, 0.0, 0.0, 0.0, 0.0, 0.0
254b.jpg, 0.0006875651597575746, 4.557076480268651e-08, 0.0, 0.0, 0.0, 0.0, 0.0
215b.jpg, 0.0006875651597575746, 4.557076480268651e-08, 0.0, 0.0, 0.0, 0.0, 0.0
258a.jpg, 0.0006875802685650412, 4.557185238910477e-08, 1.2614754824633495e-20, 9.87709058807658e-20, 2.375652834571202e-39, 1.89088438195211e-23, -2.5517798515873992e-39
203b.jpg, 0.0006875651597575746, 4.557076480268651e-08, 0.0, 0.0, 0.0, 0.0, 0.0
29a.jpg, 0.0006866943009158642, 4.4373919623952145e-08, 0.0, 0.0, 0.0, 0.0, 0.0
171a.jpg, 0.0006866943009158642, 4.4373919623952145e-08, 0.0, 0.0, 0.0, 0.0, 0.0
192b.jpg, 0.0006875651597575746, 4.557076480268651e-08, 0.0, 0.0, 0.0, 0.0, 0.0
130a.jpg, 0.0006866943009158642, 4.4373919623952145e-08, 0.0, 0.0, 0.0, 0.0, 0.0
87a.jpg, 0.0006866943009158642, 4.4373919623952145e-08, 0.0, 0.0, 0.0, 0.0, 0.0
3a.jpg, 0.0006866943009158642, 4.4373919623952145e-08, 0.0, 0.0, 0.0, 0.0, 0.0
91a.jpg, 0.0006866943009158642, 4.4373919623952145e-08, 0.0, 0.0, 0.0, 0.0, 0.0
184b.jpg, 0.0006875651597575746, 4.557076480268651e-08, 0.0, 0.0, 0.0, 0.0, 0.0
242b.jpg, 0.0006875651597575746, 4.557076480268651e-08, 0.0, 0.0, 0.0, 0.0, 0.0
33b.jpg, 0.0006866943009158642, 4.4373919623952145e-08, 0.0, 0.0, 0.0, 0.0, 0.0
126a.jpg, 0.0006866943009158642, 4.4373919623952145e-08, 0.0, 0.0, 0.0, 0.0, 0.0
188a.jpg, 0.0006866943009158642, 4.4373919623952145e-08, 0.0, 0.0, 0.0, 0.0, 0.0
193b.jpg, 0.0006875651597575746, 4.557076480268651e-08, 0.0, 0.0, 0.0, 0.0, 0.0
202b.jpg, 0.0006875651597575746, 4.557076480268651e-08, 0.0, 0.0, 0.0, 0.0, 0.0
131a.jpg, 0.0006866943009158642, 4.4373919623952145e-08, 0.0, 0.0, 0.0, 0.0, 0.0
170a.jpg, 0.0006875651597575746, 4.557076480268651e-08, 0.0, 0.0, 0.0, 0.0, 0.0
166a.jpg, 0.0006866943009158642, 4.4373919623952145e-08, 0.0, 0.0, 0.0, 0.0, 0.0
90a.jpg, 0.0006866943009158642, 4.4373919623952145e-08, 0.0, 0.0, 0.0, 0.0, 0.0
32b.jpg, 0.0006866943009158642, 4.4373919623952145e-08, 0.0, 0.0, 0.0, 0.0, 0.0
243b.jpg, 0.0006875651597575746, 4.557076480268651e-08, 0.0, 0.0, 0.0, 0.0, 0.0
255b.jpg, 0.0006875651597575746, 4.557076480268651e-08, 0.0, 0.0, 0.0, 0.0, 0.0
259a.jpg, 0.0006875651597575746, 4.557076480268651e-08, 0.0, 0.0, 0.0, 0.0, 0.0
218a.jpg, 0.0006875651597575746, 4.557076480268651e-08, 0.0, 0.0, 0.0, 0.0, 0.0
185b.jpg, 0.0006875651597575746, 4.557076480268651e-08, 0.0, 0.0, 0.0, 0.0, 0.0
65b.jpg, 0.0006866943009158642, 4.4373919623952145e-08, 0.0, 0.0, 0.0, 0.0, 0.0
86a.jpg, 0.0006866943009158642, 4.4373919623952145e-08, 0.0, 0.0, 0.0, 0.0, 0.0
28a.jpg, 0.0006866943009158642, 4.4373919623952145e-08, 0.0, 0.0, 0.0, 0.0, 0.0
73b.jpg, 0.0006866943009158642, 4.4373919623952145e-08, 0.0, 0.0, 0.0, 0.0, 0.0
189a.jpg, 0.0006875651597575746, 4.557076480268651e-08, 0.0, 0.0, 0.0, 0.0, 0.0
127a.jpg, 0.0006866943009158642, 4.4373919623952145e-08, 0.0, 0.0, 0.0, 0.0, 0.0
24b.jpg, 0.0006866943009158642, 4.4373919623952145e-08, 0.0, 0.0, 0.0, 0.0, 0.0
49b.jpg, 0.0006866943009158642, 4.4373919623952145e-08, 0.0, 0.0, 0.0, 0.0, 0.0
2b.jpg, 0.0006866943009158642, 4.4373919623952145e-08, 0.0, 0.0, 0.0, 0.0, 0.0
146b.jpg, 0.0006866943009158642, 4.4373919623952145e-08, 0.0, 0.0, 0.0, 0.0, 0.0
12a.jpg, 0.0006866943009158642, 4.4373919623952145e-08, 0.0, 0.0, 0.0, 0.0, 0.0
222a.jpg, 0.0006875651597575746, 4.557076480268651e-08, 0.0, 0.0, 0.0, 0.0, 0.0
218b.jpg, 0.0006875651597575746, 4.557076480268651e-08, 0.0, 0.0, 0.0, 0.0, 0.0
107b.jpg, 0.0006866943009158642, 4.4373919623952145e-08, 0.0, 0.0, 0.0, 0.0, 0.0
65a.jpg, 0.0006866943009158642, 4.4373919623952145e-08, 0.0, 0.0, 0.0, 0.0, 0.0
53a.jpg, 0.0006866943009158642, 4.4373919623952145e-08, 0.0, 0.0, 0.0, 0.0, 0.0
86b.jpg, 0.0006866943009158642, 4.4373919623952145e-08, 0.0, 0.0, 0.0, 0.0, 0.0
238b.jpg, 0.0006875651597575746, 4.557076480268651e-08, 0.0, 0.0, 0.0, 0.0, 0.0
111b.jpg, 0.0006866943009158642, 4.4373919623952145e-08, 0.0, 0.0, 0.0, 0.0, 0.0
214a.jpg, 0.0006875651597575746, 4.557076480268651e-08, 0.0, 0.0, 0.0, 0.0, 0.0
150b.jpg, 0.0006866943009158642, 4.4373919623952145e-08, 0.0, 0.0, 0.0, 0.0, 0.0
234a.jpg, 0.0006875651597575746, 4.557076480268651e-08, 0.0, 0.0, 0.0, 0.0, 0.0
131b.jpg, 0.0006866943009158642, 4.4373919623952145e-08, 0.0, 0.0, 0.0, 0.0, 0.0
45a.jpg, 0.0006866943009158642, 4.4373919623952145e-08, 0.0, 0.0, 0.0, 0.0, 0.0
69b.jpg, 0.0006866943009158642, 4.4373919623952145e-08, 0.0, 0.0, 0.0, 0.0, 0.0
263a.jpg, 0.0006875651597575746, 4.557076480268651e-08, 0.0, 0.0, 0.0, 0.0, 0.0
73a.jpg, 0.0006866943009158642, 4.4373919623952145e-08, 0.0, 0.0, 0.0, 0.0, 0.0
275a.jpg, 0.0006875825278224145, 4.557254424877298e-08, 9.796096903820642e-21, 7.016002999609767e-20, 1.5270415612417843e-39, 1.333598706864261e-23, -1.0253305668894597e-39
69a.jpg, 0.0006866943009158642, 4.4373919623952145e-08, 0.0, 0.0, 0.0, 0.0, 0.0
24a.jpg, 0.0006866943009158642, 4.4373919623952145e-08, 0.0, 0.0, 0.0, 0.0, 0.0
275b.jpg, 0.0006876260257279504, 4.5575393232412664e-08, 1.0981228775001136e-19, 1.1603005017806885e-18, 4.11932634086292e-37, 2.471445437136999e-22, 4.301522629660171e-38
166b.jpg, 0.0006866943009158642, 4.4373919623952145e-08, 0.0, 0.0, 0.0, 0.0, 0.0
243a.jpg, 0.0006875651597575746, 4.557076480268651e-08, 0.0, 0.0, 0.0, 0.0, 0.0
259b.jpg, 0.0006875651597575746, 4.557076480268651e-08, 0.0, 0.0, 0.0, 0.0, 0.0
107a.jpg, 0.0006866943009158642, 4.4373919623952145e-08, 0.0, 0.0, 0.0, 0.0, 0.0
32a.jpg, 0.0006866943009158642, 4.4373919623952145e-08, 0.0, 0.0, 0.0, 0.0, 0.0
28b.jpg, 0.0006866943009158642, 4.4373919623952145e-08, 0.0, 0.0, 0.0, 0.0, 0.0
127b.jpg, 0.0006866943009158642, 4.4373919623952145e-08, 0.0, 0.0, 0.0, 0.0, 0.0
193a.jpg, 0.0006875651597575746, 4.557076480268651e-08, 0.0, 0.0, 0.0, 0.0, 0.0
255a.jpg, 0.0006875651597575746, 4.557076480268651e-08, 0.0, 0.0, 0.0, 0.0, 0.0
202a.jpg, 0.0006875651597575746, 4.557076480268651e-08, 0.0, 0.0, 0.0, 0.0, 0.0
170b.jpg, 0.0006875651597575746, 4.557076480268651e-08, 0.0, 0.0, 0.0, 0.0, 0.0
90b.jpg, 0.0006866943009158642, 4.4373919623952145e-08, 0.0, 0.0, 0.0, 0.0, 0.0
185a.jpg, 0.0006866943009158642, 4.4373919623952145e-08, 0.0, 0.0, 0.0, 0.0, 0.0
150a.jpg, 0.0006866943009158642, 4.4373919623952145e-08, 0.0, 0.0, 0.0, 0.0, 0.0
189b.jpg, 0.0006875651597575746, 4.557076480268651e-08, 0.0, 0.0, 0.0, 0.0, 0.0
53b.jpg, 0.0006866943009158642, 4.4373919623952145e-08, 0.0, 0.0, 0.0, 0.0, 0.0
45b.jpg, 0.0006866943009158642, 4.4373919623952145e-08, 0.0, 0.0, 0.0, 0.0, 0.0
12b.jpg, 0.0006866943009158642, 4.4373919623952145e-08, 0.0, 0.0, 0.0, 0.0, 0.0
222b.jpg, 0.0006875651597575746, 4.557076480268651e-08, 0.0, 0.0, 0.0, 0.0, 0.0
229b.jpg, 0.0006875651597575746, 4.557076480268651e-08, 0.0, 0.0, 0.0, 0.0, 0.0
141b.jpg, 0.0006866943009158642, 4.4373919623952145e-08, 0.0, 0.0, 0.0, 0.0, 0.0
268b.jpg, 0.0006875818359688427, 4.5572284232222596e-08, 1.1086337865283711e-20, 8.470626567875483e-20, 2.068081050906411e-39, 1.625524806062419e-23, 1.568788816214549e-39
157b.jpg, 0.0006866943009158642, 4.4373919623952145e-08, 0.0, 0.0, 0.0, 0.0, 0.0
263b.jpg, 0.0006875651597575746, 4.557076480268651e-08, 0.0, 0.0, 0.0, 0.0, 0.0
209a.jpg, 0.0006875818016312286, 4.5572031840120185e-08, 9.459525152968481e-21, 9.296668351062565e-20, 2.52294604444037e-39, 1.9174448975188093e-23, -1.1114873145617233e-39
42a.jpg, 0.0006866943009158642, 4.4373919623952145e-08, 0.0, 0.0, 0.0, 0.0, 0.0
264a.jpg, 0.0006877049360406172, 4.558493918810861e-08, 5.438864958342314e-19, 4.1536086167261955e-18, 5.626502615441663e-36, 8.275223286631061e-22, 2.7050631520665014e-36
19b.jpg, 0.0006866943009158642, 4.4373919623952145e-08, 0.0, 0.0, 0.0, 0.0, 0.0
74b.jpg, 0.0006866943009158642, 4.4373919623952145e-08, 0.0, 0.0, 0.0, 0.0, 0.0
49a.jpg, 0.0006866943009158642, 4.4373919623952145e-08, 0.0, 0.0, 0.0, 0.0, 0.0
54a.jpg, 0.0006866943009158642, 4.4373919623952145e-08, 0.0, 0.0, 0.0, 0.0, 0.0
225a.jpg, 0.0006875651597575746, 4.557076480268651e-08, 0.0, 0.0, 0.0, 0.0, 0.0
146a.jpg, 0.0006866943009158642, 4.4373919623952145e-08, 0.0, 0.0, 0.0, 0.0, 0.0
58b.jpg, 0.0006866943009158642, 4.4373919623952145e-08, 0.0, 0.0, 0.0, 0.0, 0.0
272a.jpg, 0.0006876113414997831, 4.5573957949211363e-08, 6.493964918546518e-20, 7.397584907181629e-19, 1.6052873150634247e-37, 1.5736145628554582e-22, 2.2800751532652713e-38
116b.jpg, 0.0006866943009158642, 4.4373919623952145e-08, 0.0, 0.0, 0.0, 0.0, 0.0
234b.jpg, 0.0006875651597575746, 4.557076480268651e-08, 0.0, 0.0, 0.0, 0.0, 0.0
100b.jpg, 0.0006866943009158642, 4.4373919623952145e-08, 0.0, 0.0, 0.0, 0.0, 0.0
15a.jpg, 0.0006866943009158642, 4.4373919623952145e-08, 0.0, 0.0, 0.0, 0.0, 0.0
233a.jpg, 0.0006875651597575746, 4.557076480268651e-08, 0.0, 0.0, 0.0, 0.0, 0.0
111a.jpg, 0.0006866943009158642, 4.4373919623952145e-08, 0.0, 0.0, 0.0, 0.0, 0.0
78a.jpg, 0.0006866943009158642, 4.4373919623952145e-08, 0.0, 0.0, 0.0, 0.0, 0.0
62b.jpg, 0.0006866943009158642, 4.4373919623952145e-08, 0.0, 0.0, 0.0, 0.0, 0.0
213b.jpg, 0.0006875651597575746, 4.557076480268651e-08, 0.0, 0.0, 0.0, 0.0, 0.0
161a.jpg, 0.0006866943009158642, 4.4373919623952145e-08, 0.0, 0.0, 0.0, 0.0, 0.0
81a.jpg, 0.0006866943009158642, 4.4373919623952145e-08, 0.0, 0.0, 0.0, 0.0, 0.0
248a.jpg, 0.0006875651597575746, 4.557076480268651e-08, 0.0, 0.0, 0.0, 0.0, 0.0
23b.jpg, 0.0006866943009158642, 4.4373919623952145e-08, 0.0, 0.0, 0.0, 0.0, 0.0
35b.jpg, 0.0006866943009158642, 4.4373919623952145e-08, 0.0, 0.0, 0.0, 0.0, 0.0
39a.jpg, 0.0006866943009158642, 4.4373919623952145e-08, 0.0, 0.0, 0.0, 0.0, 0.0
136a.jpg, 0.0006866943009158642, 4.4373919623952145e-08, 0.0, 0.0, 0.0, 0.0, 0.0
177a.jpg, 0.0006866943009158642, 4.4373919623952145e-08, 0.0, 0.0, 0.0, 0.0, 0.0
252b.jpg, 0.0006875651597575746, 4.557076480268651e-08, 0.0, 0.0, 0.0, 0.0, 0.0
9b.jpg, 0.0006866943009158642, 4.4373919623952145e-08, 0.0, 0.0, 0.0, 0.0, 0.0
97a.jpg, 0.0006866943009158642, 4.4373919623952145e-08, 0.0, 0.0, 0.0, 0.0, 0.0
5a.jpg, 0.0006866943009158642, 4.4373919623952145e-08, 0.0, 0.0, 0.0, 0.0, 0.0
205b.jpg, 0.0006875651597575746, 4.557076480268651e-08, 0.0, 0.0, 0.0, 0.0, 0.0
198a.jpg, 0.0006875651597575746, 4.557076480268651e-08, 0.0, 0.0, 0.0, 0.0, 0.0
141a.jpg, 0.0006866943009158642, 4.4373919623952145e-08, 0.0, 0.0, 0.0, 0.0, 0.0
194b.jpg, 0.000687611735034506, 4.557319016822581e-08, 7.23672581464512e-20, 9.48240753511223e-19, 2.333873433107909e-37, 1.9951330244751912e-22, 8.504214863610158e-38
120a.jpg, 0.0006866943009158642, 4.4373919623952145e-08, 0.0, 0.0, 0.0, 0.0, 0.0
244b.jpg, 0.0006875814050264633, 4.557190977484896e-08, 7.881589856747317e-21, 8.920443422839454e-20, 2.3637381573947514e-39, 1.9038246972289023e-23, -8.599413460670714e-41
19a.jpg, 0.0006866943009158642, 4.4373919623952145e-08, 0.0, 0.0, 0.0, 0.0, 0.0
182b.jpg, 0.0006866943009158642, 4.4373919623952145e-08, 0.0, 0.0, 0.0, 0.0, 0.0
74a.jpg, 0.0006866943009158642, 4.4373919623952145e-08, 0.0, 0.0, 0.0, 0.0, 0.0
194a.jpg, 0.0006875651597575746, 4.557076480268651e-08, 0.0, 0.0, 0.0, 0.0, 0.0
116a.jpg, 0.0006866943009158642, 4.4373919623952145e-08, 0.0, 0.0, 0.0, 0.0, 0.0
198b.jpg, 0.0006875651597575746, 4.557076480268651e-08, 0.0, 0.0, 0.0, 0.0, 0.0
209b.jpg, 0.0006875651597575746, 4.557076480268651e-08, 0.0, 0.0, 0.0, 0.0, 0.0
58a.jpg, 0.0006866943009158642, 4.4373919623952145e-08, 0.0, 0.0, 0.0, 0.0, 0.0
157a.jpg, 0.0006866943009158642, 4.4373919623952145e-08, 0.0, 0.0, 0.0, 0.0, 0.0
272b.jpg, 0.0006875801741598883, 4.55713844957474e-08, 6.6182048541586705e-21, 1.0629184705971852e-19, 2.816126292942627e-39, 2.2686056444611946e-23, -1.307941945359065e-40
15b.jpg, 0.0006866943009158642, 4.4373919623952145e-08, 0.0, 0.0, 0.0, 0.0, 0.0
100a.jpg, 0.0006866943009158642, 4.4373919623952145e-08, 0.0, 0.0, 0.0, 0.0, 0.0
233b.jpg, 0.0006875651597575746, 4.557076480268651e-08, 0.0, 0.0, 0.0, 0.0, 0.0
23a.jpg, 0.0006866943009158642, 4.4373919623952145e-08, 0.0, 0.0, 0.0, 0.0, 0.0
268a.jpg, 0.0006875796159283305, 4.557147649161948e-08, 1.1187611053153597e-20, 1.0790556369898234e-19, 2.5698432454663897e-39, 2.145185405300756e-23, -2.7298601203860577e-39
120b.jpg, 0.0006866943009158642, 4.4373919623952145e-08, 0.0, 0.0, 0.0, 0.0, 0.0
264b.jpg, 0.0006875833654406344, 4.55726956926276e-08, 6.96052707841279e-21, 5.371115696976647e-20, 1.0142575727270845e-39, 1.1249326718446863e-23, 2.2320409738246734e-40
252a.jpg, 0.0006875651597575746, 4.557076480268651e-08, 0.0, 0.0, 0.0, 0.0, 0.0
225b.jpg, 0.0006875651597575746, 4.557076480268651e-08, 0.0, 0.0, 0.0, 0.0, 0.0
205a.jpg, 0.0006875651597575746, 4.557076480268651e-08, 0.0, 0.0, 0.0, 0.0, 0.0
42b.jpg, 0.0006866943009158642, 4.4373919623952145e-08, 0.0, 0.0, 0.0, 0.0, 0.0
97b.jpg, 0.0006866943009158642, 4.4373919623952145e-08, 0.0, 0.0, 0.0, 0.0, 0.0
229a.jpg, 0.0006875651597575746, 4.557076480268651e-08, 0.0, 0.0, 0.0, 0.0, 0.0
54b.jpg, 0.0006866943009158642, 4.4373919623952145e-08, 0.0, 0.0, 0.0, 0.0, 0.0
78b.jpg, 0.0006866943009158642, 4.4373919623952145e-08, 0.0, 0.0, 0.0, 0.0, 0.0
137b.jpg, 0.0006866943009158642, 4.4373919623952145e-08, 0.0, 0.0, 0.0, 0.0, 0.0
9a.jpg, 0.0006866943009158642, 4.4373919623952145e-08, 0.0, 0.0, 0.0, 0.0, 0.0
213a.jpg, 0.0006875651597575746, 4.557076480268651e-08, 0.0, 0.0, 0.0, 0.0, 0.0
35a.jpg, 0.0006866943009158642, 4.4373919623952145e-08, 0.0, 0.0, 0.0, 0.0, 0.0
249b.jpg, 0.0006875651597575746, 4.557076480268651e-08, 0.0, 0.0, 0.0, 0.0, 0.0
177b.jpg, 0.0006866943009158642, 4.4373919623952145e-08, 0.0, 0.0, 0.0, 0.0, 0.0
5b.jpg, 0.0006866943009158642, 4.4373919623952145e-08, 0.0, 0.0, 0.0, 0.0, 0.0
136b.jpg, 0.0006866943009158642, 4.4373919623952145e-08, 0.0, 0.0, 0.0, 0.0, 0.0
248b.jpg, 0.0006875651597575746, 4.557076480268651e-08, 0.0, 0.0, 0.0, 0.0, 0.0
38b.jpg, 0.0006866943009158642, 4.4373919623952145e-08, 0.0, 0.0, 0.0, 0.0, 0.0
212a.jpg, 0.0006875651597575746, 4.557076480268651e-08, 0.0, 0.0, 0.0, 0.0, 0.0
4b.jpg, 0.0006866943009158642, 4.4373919623952145e-08, 0.0, 0.0, 0.0, 0.0, 0.0
80b.jpg, 0.0006866943009158642, 4.4373919623952145e-08, 0.0, 0.0, 0.0, 0.0, 0.0
62a.jpg, 0.0006866943009158642, 4.4373919623952145e-08, 0.0, 0.0, 0.0, 0.0, 0.0
39b.jpg, 0.0006866943009158642, 4.4373919623952145e-08, 0.0, 0.0, 0.0, 0.0, 0.0
8a.jpg, 0.0006866943009158642, 4.4373919623952145e-08, 0.0, 0.0, 0.0, 0.0, 0.0
63a.jpg, 0.000686713332633994, 4.4376399357184044e-08, 4.818753949163749e-21, 2.396441274165292e-20, 1.4661853684549984e-40, 2.6434688307553597e-24, 2.1171105356098247e-40
160b.jpg, 0.0006866943009158642, 4.4373919623952145e-08, 0.0, 0.0, 0.0, 0.0, 0.0
81b.jpg, 0.0006866943009158642, 4.4373919623952145e-08, 0.0, 0.0, 0.0, 0.0, 0.0
182a.jpg, 0.0006866943009158642, 4.4373919623952145e-08, 0.0, 0.0, 0.0, 0.0, 0.0
161b.jpg, 0.0006866943009158642, 4.4373919623952145e-08, 0.0, 0.0, 0.0, 0.0, 0.0
245a.jpg, 0.0006875651597575746, 4.557076480268651e-08, 0.0, 0.0, 0.0, 0.0, 0.0
101a.jpg, 0.0006866943009158642, 4.4373919623952145e-08, 0.0, 0.0, 0.0, 0.0, 0.0
244a.jpg, 0.0006875651597575746, 4.557076480268651e-08, 0.0, 0.0, 0.0, 0.0, 0.0
22a.jpg, 0.0006866943009158642, 4.4373919623952145e-08, 0.0, 0.0, 0.0, 0.0, 0.0
199b.jpg, 0.0006875651597575746, 4.557076480268651e-08, 0.0, 0.0, 0.0, 0.0, 0.0
238a.jpg, 0.0006875651597575746, 4.557076480268651e-08, 0.0, 0.0, 0.0, 0.0, 0.0
273b.jpg, 0.00068768284538681, 4.55799585419985e-08, 4.2996679318247916e-19, 4.3246936688836196e-18, 5.676997975261911e-36, 9.082571189231234e-22, 1.5966849521357144e-36
75a.jpg, 0.0006866943009158642, 4.4373919623952145e-08, 0.0, 0.0, 0.0, 0.0, 0.0
79b.jpg, 0.0006866943009158642, 4.4373919623952145e-08, 0.0, 0.0, 0.0, 0.0, 0.0
34a.jpg, 0.0006866943009158642, 4.4373919623952145e-08, 0.0, 0.0, 0.0, 0.0, 0.0
117a.jpg, 0.0006866943009158642, 4.4373919623952145e-08, 0.0, 0.0, 0.0, 0.0, 0.0
55b.jpg, 0.0006866943009158642, 4.4373919623952145e-08, 0.0, 0.0, 0.0, 0.0, 0.0
204a.jpg, 0.0006875651597575746, 4.557076480268651e-08, 0.0, 0.0, 0.0, 0.0, 0.0
121b.jpg, 0.0006866943009158642, 4.4373919623952145e-08, 0.0, 0.0, 0.0, 0.0, 0.0
228a.jpg, 0.0006875651597575746, 4.557076480268651e-08, 0.0, 0.0, 0.0, 0.0, 0.0
59a.jpg, 0.0006866943009158642, 4.4373919623952145e-08, 0.0, 0.0, 0.0, 0.0, 0.0
224b.jpg, 0.0006875651597575746, 4.557076480268651e-08, 0.0, 0.0, 0.0, 0.0, 0.0
208b.jpg, 0.0006875806723026245, 4.5571445415920644e-08, 7.178497408646937e-21, 1.1091923454003664e-19, 3.115529794654417e-39, 2.3657157097135372e-23, 2.993243509953525e-40
43b.jpg, 0.0006866943009158642, 4.4373919623952145e-08, 0.0, 0.0, 0.0, 0.0, 0.0
176b.jpg, 0.0006866943009158642, 4.4373919623952145e-08, 0.0, 0.0, 0.0, 0.0, 0.0
96b.jpg, 0.0006866943009158642, 4.4373919623952145e-08, 0.0, 0.0, 0.0, 0.0, 0.0
253a.jpg, 0.0006875651597575746, 4.557076480268651e-08, 0.0, 0.0, 0.0, 0.0, 0.0
195a.jpg, 0.0006875651597575746, 4.557076480268651e-08, 0.0, 0.0, 0.0, 0.0, 0.0
156a.jpg, 0.0006866943009158642, 4.4373919623952145e-08, 0.0, 0.0, 0.0, 0.0, 0.0
269a.jpg, 0.0006875651597575746, 4.557076480268651e-08, 0.0, 0.0, 0.0, 0.0, 0.0
140a.jpg, 0.0006866943009158642, 4.4373919623952145e-08, 0.0, 0.0, 0.0, 0.0, 0.0
183a.jpg, 0.0006866943009158642, 4.4373919623952145e-08, 0.0, 0.0, 0.0, 0.0, 0.0
38a.jpg, 0.0006866943009158642, 4.4373919623952145e-08, 0.0, 0.0, 0.0, 0.0, 0.0
232b.jpg, 0.0006875651597575746, 4.557076480268651e-08, 0.0, 0.0, 0.0, 0.0, 0.0
245b.jpg, 0.0006875651597575746, 4.557076480268651e-08, 0.0, 0.0, 0.0, 0.0, 0.0
8b.jpg, 0.0006866943009158642, 4.4373919623952145e-08, 0.0, 0.0, 0.0, 0.0, 0.0
199a.jpg, 0.0006875651597575746, 4.557076480268651e-08, 0.0, 0.0, 0.0, 0.0, 0.0
249a.jpg, 0.0006876003716257937, 4.5574503716289554e-08, 3.155668236726793e-20, 2.3060810117035587e-19, 1.772225824460763e-38, 4.556453064781406e-23, -8.53962377851687e-39
63b.jpg, 0.0006866943009158642, 4.4373919623952145e-08, 0.0, 0.0, 0.0, 0.0, 0.0
265b.jpg, 0.0006875782300234203, 4.557053868323071e-08, 3.0460578764253463e-21, 1.208689134927949e-19, 2.290308458774656e-39, 2.5788944085085545e-23, 3.6502762737785644e-40
34b.jpg, 0.0006866943009158642, 4.4373919623952145e-08, 0.0, 0.0, 0.0, 0.0, 0.0
183b.jpg, 0.0006866943009158642, 4.4373919623952145e-08, 0.0, 0.0, 0.0, 0.0, 0.0
212b.jpg, 0.0006875651597575746, 4.557076480268651e-08, 0.0, 0.0, 0.0, 0.0, 0.0
4a.jpg, 0.0006866943009158642, 4.4373919623952145e-08, 0.0, 0.0, 0.0, 0.0, 0.0
18a.jpg, 0.0006866943009158642, 4.4373919623952145e-08, 0.0, 0.0, 0.0, 0.0, 0.0
137a.jpg, 0.0006866943009158642, 4.4373919623952145e-08, 0.0, 0.0, 0.0, 0.0, 0.0
160a.jpg, 0.0006866943009158642, 4.4373919623952145e-08, 0.0, 0.0, 0.0, 0.0, 0.0
253b.jpg, 0.0006875651597575746, 4.557076480268651e-08, 0.0, 0.0, 0.0, 0.0, 0.0
80a.jpg, 0.0006866943009158642, 4.4373919623952145e-08, 0.0, 0.0, 0.0, 0.0, 0.0
121a.jpg, 0.0006866943009158642, 4.4373919623952145e-08, 0.0, 0.0, 0.0, 0.0, 0.0
14b.jpg, 0.0006866943009158642, 4.4373919623952145e-08, 0.0, 0.0, 0.0, 0.0, 0.0
79a.jpg, 0.0006866943009158642, 4.4373919623952145e-08, 0.0, 0.0, 0.0, 0.0, 0.0
75b.jpg, 0.0006866943009158642, 4.4373919623952145e-08, 0.0, 0.0, 0.0, 0.0, 0.0
204b.jpg, 0.0006875824140923396, 4.5572314246506275e-08, 8.743845351009413e-21, 7.712087304848539e-20, 1.892842383085914e-39, 1.5968299784804028e-23, -6.540872906887441e-40
22b.jpg, 0.0006866943009158642, 4.4373919623952145e-08, 0.0, 0.0, 0.0, 0.0, 0.0
176a.jpg, 0.0006866943009158642, 4.4373919623952145e-08, 0.0, 0.0, 0.0, 0.0, 0.0
117b.jpg, 0.0006866943009158642, 4.4373919623952145e-08, 0.0, 0.0, 0.0, 0.0, 0.0
195b.jpg, 0.0006875651597575746, 4.557076480268651e-08, 0.0, 0.0, 0.0, 0.0, 0.0
14a.jpg, 0.0006866943009158642, 4.4373919623952145e-08, 0.0, 0.0, 0.0, 0.0, 0.0
208a.jpg, 0.0006875651597575746, 4.557076480268651e-08, 0.0, 0.0, 0.0, 0.0, 0.0
228b.jpg, 0.0006875651597575746, 4.557076480268651e-08, 0.0, 0.0, 0.0, 0.0, 0.0
59b.jpg, 0.0006866943009158642, 4.4373919623952145e-08, 0.0, 0.0, 0.0, 0.0, 0.0
224a.jpg, 0.0006875651597575746, 4.557076480268651e-08, 0.0, 0.0, 0.0, 0.0, 0.0
232a.jpg, 0.0006875651597575746, 4.557076480268651e-08, 0.0, 0.0, 0.0, 0.0, 0.0
55a.jpg, 0.0006866943009158642, 4.4373919623952145e-08, 0.0, 0.0, 0.0, 0.0, 0.0
273a.jpg, 0.0006875651597575746, 4.557076480268651e-08, 0.0, 0.0, 0.0, 0.0, 0.0
269b.jpg, 0.0006875651597575746, 4.557076480268651e-08, 0.0, 0.0, 0.0, 0.0, 0.0
101b.jpg, 0.0006866943009158642, 4.4373919623952145e-08, 0.0, 0.0, 0.0, 0.0, 0.0
156b.jpg, 0.0006866943009158642, 4.4373919623952145e-08, 0.0, 0.0, 0.0, 0.0, 0.0
96a.jpg, 0.0006866943009158642, 4.4373919623952145e-08, 0.0, 0.0, 0.0, 0.0, 0.0
43a.jpg, 0.0006866943009158642, 4.4373919623952145e-08, 0.0, 0.0, 0.0, 0.0, 0.0
18b.jpg, 0.0006866943009158642, 4.4373919623952145e-08, 0.0, 0.0, 0.0, 0.0, 0.0
140b.jpg, 0.0006866943009158642, 4.4373919623952145e-08, 0.0, 0.0, 0.0, 0.0, 0.0
265a.jpg, 0.0006875789388672035, 4.557157953024224e-08, 1.896348738841409e-20, 1.0984113432258305e-19, 2.2279711259068112e-39, 2.029882503809492e-23, -4.490806736459108e-39
